Datetime,open_time,Open,High,Low,Close,Volume
2024-03-01 00:00:00,1709222400000,0.13412,0.13497,0.13138,0.13179,115751090.0
2024-03-01 00:15:00,1709223300000,0.13181,0.13182,0.12754,0.12816,110492075.0
2024-03-01 00:30:00,1709224200000,0.12817,0.12969,0.12602,0.12763,137816257.0
2024-03-01 00:45:00,1709225100000,0.12763,0.12926,0.12613,0.12876,91057155.0
2024-03-01 01:00:00,1709226000000,0.12875,0.13032,0.1282,0.12872,61132470.0
2024-03-01 01:15:00,1709226900000,0.12872,0.12961,0.12736,0.12764,59969706.0
2024-03-01 01:30:00,1709227800000,0.12766,0.12813,0.12546,0.12649,89871277.0
2024-03-01 01:45:00,1709228700000,0.12648,0.12801,0.12475,0.12618,88916729.0
2024-03-01 02:00:00,1709229600000,0.12618,0.12807,0.12544,0.12732,58585296.0
2024-03-01 02:15:00,1709230500000,0.12731,0.12802,0.12542,0.12543,48998992.0
2024-03-01 02:30:00,1709231400000,0.12542,0.12593,0.12259,0.12417,93223143.0
2024-03-01 02:45:00,1709232300000,0.12418,0.12531,0.12293,0.12493,74317473.0
2024-03-01 03:00:00,1709233200000,0.12492,0.12532,0.124,0.12484,40037296.0
2024-03-01 03:15:00,1709234100000,0.12485,0.12576,0.1248,0.12522,43519345.0
2024-03-01 03:30:00,1709235000000,0.12522,0.12698,0.12515,0.1255,48636520.0
2024-03-01 03:45:00,1709235900000,0.1255,0.12657,0.1254,0.12652,21357845.0
2024-03-01 04:00:00,1709236800000,0.12651,0.12749,0.12603,0.12724,34043803.0
2024-03-01 04:15:00,1709237700000,0.12723,0.12797,0.12669,0.12782,46456376.0
2024-03-01 04:30:00,1709238600000,0.12781,0.12799,0.1271,0.12724,40217113.0
2024-03-01 04:45:00,1709239500000,0.12725,0.12754,0.12645,0.1266,20747461.0
2024-03-01 05:00:00,1709240400000,0.1266,0.12696,0.12216,0.12259,84250816.0
2024-03-01 05:15:00,1709241300000,0.1226,0.12385,0.11862,0.11865,172052418.0
2024-03-01 05:30:00,1709242200000,0.11864,0.12034,0.11739,0.11815,121612228.0
2024-03-01 05:45:00,1709243100000,0.11815,0.12043,0.11754,0.12042,57898715.0
2024-03-01 06:00:00,1709244000000,0.12043,0.12059,0.1184,0.11889,75900356.0
2024-03-01 06:15:00,1709244900000,0.11889,0.11928,0.11577,0.11584,93050785.0
2024-03-01 06:30:00,1709245800000,0.11583,0.11738,0.11422,0.11508,84675668.0
2024-03-01 06:45:00,1709246700000,0.11507,0.11761,0.11507,0.11662,46205474.0
2024-03-01 07:00:00,1709247600000,0.11663,0.11836,0.11655,0.11815,76158643.0
2024-03-01 07:15:00,1709248500000,0.11815,0.11898,0.11807,0.11873,48879748.0
2024-03-01 07:30:00,1709249400000,0.11874,0.11892,0.11826,0.11852,26307405.0
2024-03-01 07:45:00,1709250300000,0.11852,0.1187,0.11661,0.11732,48336228.0
2024-03-01 08:00:00,1709251200000,0.11732,0.11901,0.11704,0.11819,55998201.0
2024-03-01 08:15:00,1709252100000,0.11819,0.11857,0.11739,0.11824,48814149.0
2024-03-01 08:30:00,1709253000000,0.11825,0.11928,0.11824,0.11898,55623431.0
2024-03-01 08:45:00,1709253900000,0.11898,0.1197,0.1186,0.11952,32065092.0
2024-03-01 09:00:00,1709254800000,0.11952,0.1196,0.11795,0.11909,44740993.0
2024-03-01 09:15:00,1709255700000,0.11906,0.12062,0.11892,0.12052,37173818.0
2024-03-01 09:30:00,1709256600000,0.12053,0.12073,0.11848,0.12064,74198709.0
2024-03-01 09:45:00,1709257500000,0.12064,0.12133,0.11998,0.12125,47137031.0
2024-03-01 10:00:00,1709258400000,0.12123,0.12124,0.11923,0.11971,40741315.0
2024-03-01 10:15:00,1709259300000,0.1197,0.12079,0.11927,0.12045,38309663.0
2024-03-01 10:30:00,1709260200000,0.12047,0.12193,0.12011,0.12167,44199703.0
2024-03-01 10:45:00,1709261100000,0.12167,0.12167,0.12033,0.12145,31915021.0
2024-03-01 11:00:00,1709262000000,0.12142,0.12158,0.1199,0.12011,42082381.0
2024-03-01 11:15:00,1709262900000,0.12012,0.12038,0.11895,0.11946,34416750.0
2024-03-01 11:30:00,1709263800000,0.11945,0.11993,0.11889,0.11973,24269668.0
2024-03-01 11:45:00,1709264700000,0.11974,0.12048,0.11948,0.11956,18503891.0
2024-03-01 12:00:00,1709265600000,0.11956,0.12071,0.11949,0.12045,24753312.0
2024-03-01 12:15:00,1709266500000,0.12044,0.12085,0.12022,0.12064,21661492.0
2024-03-01 12:30:00,1709267400000,0.12064,0.12071,0.11988,0.12028,19813408.0
2024-03-01 12:45:00,1709268300000,0.12027,0.12156,0.12012,0.12149,42635717.0
2024-03-01 13:00:00,1709269200000,0.12149,0.12201,0.12076,0.12115,39677141.0
2024-03-01 13:15:00,1709270100000,0.12115,0.12116,0.12064,0.12079,18307759.0
2024-03-01 13:30:00,1709271000000,0.12079,0.12115,0.12031,0.12097,23590627.0
2024-03-01 13:45:00,1709271900000,0.12095,0.12116,0.1202,0.12025,19874868.0
2024-03-01 14:00:00,1709272800000,0.12025,0.12065,0.11991,0.11995,49949355.0
2024-03-01 14:15:00,1709273700000,0.11995,0.12189,0.11992,0.12148,54032904.0
2024-03-01 14:30:00,1709274600000,0.12148,0.12148,0.12011,0.12073,22738469.0
2024-03-01 14:45:00,1709275500000,0.12073,0.12146,0.1202,0.12088,20502441.0
2024-03-01 15:00:00,1709276400000,0.12088,0.12153,0.12066,0.12152,19090087.0
2024-03-01 15:15:00,1709277300000,0.12152,0.12222,0.11866,0.11894,114297172.0
2024-03-01 15:30:00,1709278200000,0.11894,0.11952,0.11792,0.11829,117522542.0
2024-03-01 15:45:00,1709279100000,0.11829,0.11899,0.11819,0.11831,39997808.0
2024-03-01 16:00:00,1709280000000,0.11831,0.11939,0.11817,0.11903,26149242.0
2024-03-01 16:15:00,1709280900000,0.11902,0.12045,0.11896,0.12012,31512356.0
2024-03-01 16:30:00,1709281800000,0.12011,0.122,0.11976,0.12197,39512373.0
2024-03-01 16:45:00,1709282700000,0.12196,0.12328,0.12096,0.12134,62478886.0
2024-03-01 17:00:00,1709283600000,0.12134,0.12273,0.1211,0.12218,53259378.0
2024-03-01 17:15:00,1709284500000,0.1222,0.12331,0.122,0.12276,67711047.0
2024-03-01 17:30:00,1709285400000,0.12275,0.12367,0.12218,0.12298,66990046.0
2024-03-01 17:45:00,1709286300000,0.12298,0.12298,0.12224,0.12231,18319869.0
2024-03-01 18:00:00,1709287200000,0.1223,0.12244,0.12128,0.12132,19983117.0
2024-03-01 18:15:00,1709288100000,0.12132,0.12167,0.12064,0.12108,34935138.0
2024-03-01 18:30:00,1709289000000,0.12109,0.12115,0.12049,0.12076,17609826.0
2024-03-01 18:45:00,1709289900000,0.12076,0.12158,0.12061,0.12098,17872874.0
2024-03-01 19:00:00,1709290800000,0.12097,0.12188,0.12092,0.12165,18504026.0
2024-03-01 19:15:00,1709291700000,0.12166,0.12177,0.12101,0.12139,16572867.0
2024-03-01 19:30:00,1709292600000,0.12139,0.12154,0.12055,0.12139,18708411.0
2024-03-01 19:45:00,1709293500000,0.12138,0.12183,0.12081,0.12145,17497974.0
2024-03-01 20:00:00,1709294400000,0.12144,0.12213,0.12115,0.12194,16584561.0
2024-03-01 20:15:00,1709295300000,0.12195,0.12317,0.12189,0.1227,36567234.0
2024-03-01 20:30:00,1709296200000,0.1227,0.12331,0.12246,0.12318,32323476.0
2024-03-01 20:45:00,1709297100000,0.12317,0.12365,0.12165,0.12211,33742998.0
2024-03-01 21:00:00,1709298000000,0.1221,0.12282,0.12186,0.12228,18367319.0
2024-03-01 21:15:00,1709298900000,0.12228,0.12397,0.12222,0.12349,55779655.0
2024-03-01 21:30:00,1709299800000,0.12352,0.12378,0.12286,0.12363,34955994.0
2024-03-01 21:45:00,1709300700000,0.12364,0.12774,0.1235,0.12639,148823200.0
2024-03-01 22:00:00,1709301600000,0.12636,0.12823,0.12582,0.12713,143271499.0
2024-03-01 22:15:00,1709302500000,0.12712,0.12994,0.12591,0.12914,136090720.0
2024-03-01 22:30:00,1709303400000,0.12911,0.12999,0.1246,0.12616,202463106.0
2024-03-01 22:45:00,1709304300000,0.12617,0.12618,0.12423,0.1256,78423038.0
2024-03-01 23:00:00,1709305200000,0.12561,0.12683,0.1247,0.12524,72944698.0
2024-03-01 23:15:00,1709306100000,0.12524,0.12534,0.12391,0.12453,52623106.0
2024-03-01 23:30:00,1709307000000,0.12452,0.12575,0.12351,0.12522,61814459.0
2024-03-01 23:45:00,1709307900000,0.12522,0.12543,0.12368,0.12426,62713220.0
2024-03-02 00:00:00,1709308800000,0.12428,0.12925,0.12422,0.12796,135596220.0
2024-03-02 00:15:00,1709309700000,0.12797,0.13015,0.12509,0.12768,188471565.0
2024-03-02 00:30:00,1709310600000,0.12767,0.1298,0.12614,0.12915,123123603.0
2024-03-02 00:45:00,1709311500000,0.12917,0.12999,0.12834,0.12872,143054222.0
2024-03-02 01:00:00,1709312400000,0.12873,0.13178,0.12873,0.13162,165187188.0
2024-03-02 01:15:00,1709313300000,0.13163,0.13265,0.13027,0.1306,128066319.0
2024-03-02 01:30:00,1709314200000,0.13061,0.133,0.1304,0.13293,82691760.0
2024-03-02 01:45:00,1709315100000,0.13292,0.13344,0.13131,0.13182,82043061.0
2024-03-02 02:00:00,1709316000000,0.13182,0.13409,0.13091,0.13398,109011493.0
2024-03-02 02:15:00,1709316900000,0.13399,0.13933,0.13346,0.13702,270310593.0
2024-03-02 02:30:00,1709317800000,0.13702,0.13792,0.135,0.13598,156389483.0
2024-03-02 02:45:00,1709318700000,0.13599,0.136,0.13397,0.13467,90170751.0
2024-03-02 03:00:00,1709319600000,0.13467,0.13551,0.13318,0.1332,100207572.0
2024-03-02 03:15:00,1709320500000,0.13319,0.13432,0.13304,0.13387,41575200.0
2024-03-02 03:30:00,1709321400000,0.13386,0.13609,0.13377,0.13537,62116480.0
2024-03-02 03:45:00,1709322300000,0.13537,0.13591,0.1343,0.13559,68039127.0
2024-03-02 04:00:00,1709323200000,0.1356,0.13776,0.13553,0.13722,89016672.0
2024-03-02 04:15:00,1709324100000,0.13727,0.13764,0.13608,0.13751,64536010.0
2024-03-02 04:30:00,1709325000000,0.13751,0.1392,0.13597,0.13914,129193671.0
2024-03-02 04:45:00,1709325900000,0.13914,0.13999,0.13694,0.13961,109516120.0
2024-03-02 05:00:00,1709326800000,0.13962,0.13969,0.13518,0.13598,99010315.0
2024-03-02 05:15:00,1709327700000,0.136,0.13967,0.13599,0.1396,80313485.0
2024-03-02 05:30:00,1709328600000,0.1396,0.14084,0.1372,0.13898,134432262.0
2024-03-02 05:45:00,1709329500000,0.13899,0.141,0.13776,0.14092,123091658.0
2024-03-02 06:00:00,1709330400000,0.14092,0.1438,0.14019,0.14257,191840202.0
2024-03-02 06:15:00,1709331300000,0.14258,0.14561,0.14133,0.14174,162519047.0
2024-03-02 06:30:00,1709332200000,0.14171,0.14472,0.14142,0.14206,66014129.0
2024-03-02 06:45:00,1709333100000,0.14206,0.14211,0.1388,0.1397,83152247.0
2024-03-02 07:00:00,1709334000000,0.1397,0.14269,0.13943,0.14197,103588000.0
2024-03-02 07:15:00,1709334900000,0.14196,0.14216,0.14029,0.14138,62856779.0
2024-03-02 07:30:00,1709335800000,0.14139,0.14273,0.13652,0.13838,155346212.0
2024-03-02 07:45:00,1709336700000,0.13839,0.13995,0.13839,0.13934,60977353.0
2024-03-02 08:00:00,1709337600000,0.13934,0.14308,0.13801,0.14171,122022431.0
2024-03-02 08:15:00,1709338500000,0.1417,0.14488,0.1415,0.14431,112580568.0
2024-03-02 08:30:00,1709339400000,0.14433,0.15,0.14369,0.14731,202967570.0
2024-03-02 08:45:00,1709340300000,0.14731,0.15,0.145,0.14656,165569913.0
2024-03-02 09:00:00,1709341200000,0.14656,0.14673,0.14351,0.14369,114797158.0
2024-03-02 09:15:00,1709342100000,0.14369,0.14447,0.13963,0.14088,134440313.0
2024-03-02 09:30:00,1709343000000,0.14088,0.143,0.13991,0.1415,91318023.0
2024-03-02 09:45:00,1709343900000,0.1415,0.14287,0.1414,0.14208,51392879.0
2024-03-02 10:00:00,1709344800000,0.14208,0.14379,0.142,0.14228,62272870.0
2024-03-02 10:15:00,1709345700000,0.14228,0.14323,0.14105,0.14173,46664782.0
2024-03-02 10:30:00,1709346600000,0.14174,0.14317,0.14,0.14012,58819397.0
2024-03-02 10:45:00,1709347500000,0.14013,0.14091,0.13951,0.14016,54834114.0
2024-03-02 11:00:00,1709348400000,0.14016,0.14158,0.13991,0.14095,49215625.0
2024-03-02 11:15:00,1709349300000,0.14094,0.14227,0.14092,0.14203,40548036.0
2024-03-02 11:30:00,1709350200000,0.14203,0.14324,0.14148,0.1418,47482995.0
2024-03-02 11:45:00,1709351100000,0.14179,0.14179,0.14061,0.14111,31503187.0
2024-03-02 12:00:00,1709352000000,0.14111,0.14161,0.13981,0.14057,54042291.0
2024-03-02 12:15:00,1709352900000,0.14058,0.14201,0.14002,0.14194,44173257.0
2024-03-02 12:30:00,1709353800000,0.14193,0.14294,0.14156,0.14269,41759084.0
2024-03-02 12:45:00,1709354700000,0.14268,0.14325,0.14193,0.14299,37148590.0
2024-03-02 13:00:00,1709355600000,0.143,0.14303,0.14086,0.14114,40532008.0
2024-03-02 13:15:00,1709356500000,0.14113,0.14115,0.13904,0.14021,58237668.0
2024-03-02 13:30:00,1709357400000,0.14021,0.14136,0.1391,0.14085,43554762.0
2024-03-02 13:45:00,1709358300000,0.14087,0.14247,0.14073,0.14232,43359454.0
2024-03-02 14:00:00,1709359200000,0.14232,0.14283,0.14165,0.14257,36581854.0
2024-03-02 14:15:00,1709360100000,0.14256,0.14294,0.14143,0.14215,32384020.0
2024-03-02 14:30:00,1709361000000,0.14214,0.14214,0.14061,0.14094,27675789.0
2024-03-02 14:45:00,1709361900000,0.14094,0.14286,0.14094,0.14277,29534775.0
2024-03-02 15:00:00,1709362800000,0.14277,0.14516,0.14208,0.14514,90012370.0
2024-03-02 15:15:00,1709363700000,0.14514,0.1453,0.14308,0.14334,65730913.0
2024-03-02 15:30:00,1709364600000,0.14331,0.14647,0.14273,0.1462,95143881.0
2024-03-02 15:45:00,1709365500000,0.1462,0.14778,0.14479,0.1468,113715140.0
2024-03-02 16:00:00,1709366400000,0.1468,0.14859,0.14542,0.14699,115944619.0
2024-03-02 16:15:00,1709367300000,0.14699,0.1499,0.14298,0.14478,148014469.0
2024-03-02 16:30:00,1709368200000,0.14474,0.14672,0.14399,0.14666,63354067.0
2024-03-02 16:45:00,1709369100000,0.14664,0.151,0.14659,0.14699,187291470.0
2024-03-02 17:00:00,1709370000000,0.14698,0.14784,0.14333,0.1447,88138031.0
2024-03-02 17:15:00,1709370900000,0.1447,0.14471,0.14129,0.14173,99730367.0
2024-03-02 17:30:00,1709371800000,0.14173,0.14222,0.14002,0.14194,81963472.0
2024-03-02 17:45:00,1709372700000,0.14196,0.14295,0.1416,0.14235,47055741.0
2024-03-02 18:00:00,1709373600000,0.14235,0.14431,0.14165,0.14381,52035165.0
2024-03-02 18:15:00,1709374500000,0.1438,0.145,0.14305,0.14381,49271791.0
2024-03-02 18:30:00,1709375400000,0.14382,0.14457,0.14381,0.14414,40909282.0
2024-03-02 18:45:00,1709376300000,0.14413,0.14421,0.14111,0.14167,82683893.0
2024-03-02 19:00:00,1709377200000,0.14166,0.14388,0.14158,0.14254,53019634.0
2024-03-02 19:15:00,1709378100000,0.14254,0.14358,0.14193,0.14304,33019851.0
2024-03-02 19:30:00,1709379000000,0.14304,0.14317,0.14196,0.1421,30890801.0
2024-03-02 19:45:00,1709379900000,0.1421,0.14238,0.14045,0.14138,45653797.0
2024-03-02 20:00:00,1709380800000,0.14138,0.14289,0.14111,0.14229,42424393.0
2024-03-02 20:15:00,1709381700000,0.14229,0.14358,0.1413,0.14272,51485617.0
2024-03-02 20:30:00,1709382600000,0.14273,0.14315,0.14205,0.14312,37338584.0
2024-03-02 20:45:00,1709383500000,0.14311,0.14393,0.14247,0.14338,37002077.0
2024-03-02 21:00:00,1709384400000,0.14335,0.14335,0.14113,0.14177,40903273.0
2024-03-02 21:15:00,1709385300000,0.14176,0.14222,0.14119,0.14156,24564384.0
2024-03-02 21:30:00,1709386200000,0.14156,0.14258,0.14122,0.1423,34230554.0
2024-03-02 21:45:00,1709387100000,0.1423,0.14251,0.14021,0.14073,37176460.0
2024-03-02 22:00:00,1709388000000,0.14072,0.14106,0.13871,0.13919,82966279.0
2024-03-02 22:15:00,1709388900000,0.13919,0.1406,0.13579,0.13668,125406889.0
2024-03-02 22:30:00,1709389800000,0.13667,0.13846,0.13655,0.1371,74274520.0
2024-03-02 22:45:00,1709390700000,0.13712,0.13893,0.13702,0.13871,38192819.0
2024-03-02 23:00:00,1709391600000,0.13871,0.13966,0.13801,0.13952,31366848.0
2024-03-02 23:15:00,1709392500000,0.13953,0.13963,0.13736,0.13833,29147328.0
2024-03-02 23:30:00,1709393400000,0.13833,0.13873,0.13703,0.13777,33652255.0
2024-03-02 23:45:00,1709394300000,0.13778,0.13841,0.1369,0.13751,29860221.0
2024-03-03 00:00:00,1709395200000,0.13754,0.13956,0.13731,0.13932,48328243.0
2024-03-03 00:15:00,1709396100000,0.13932,0.13932,0.13801,0.13867,27123747.0
2024-03-03 00:30:00,1709397000000,0.13867,0.13913,0.13676,0.13729,45611059.0
2024-03-03 00:45:00,1709397900000,0.13729,0.13892,0.13615,0.13884,40912432.0
2024-03-03 01:00:00,1709398800000,0.13883,0.13941,0.13834,0.13922,24474113.0
2024-03-03 01:15:00,1709399700000,0.13922,0.13929,0.13751,0.13881,33649744.0
2024-03-03 01:30:00,1709400600000,0.1388,0.13948,0.13859,0.13948,21677343.0
2024-03-03 01:45:00,1709401500000,0.13948,0.14031,0.139,0.13908,35645189.0
2024-03-03 02:00:00,1709402400000,0.13908,0.14031,0.13899,0.14028,22360452.0
2024-03-03 02:15:00,1709403300000,0.14027,0.14212,0.14006,0.14157,58069925.0
2024-03-03 02:30:00,1709404200000,0.14156,0.1426,0.1404,0.14213,44639346.0
2024-03-03 02:45:00,1709405100000,0.14213,0.1429,0.14067,0.14253,54115914.0
2024-03-03 03:00:00,1709406000000,0.14253,0.14299,0.14149,0.1418,47548302.0
2024-03-03 03:15:00,1709406900000,0.14178,0.14217,0.14098,0.14125,30442417.0
2024-03-03 03:30:00,1709407800000,0.14126,0.14226,0.14126,0.1421,16900153.0
2024-03-03 03:45:00,1709408700000,0.14211,0.14248,0.14172,0.14177,20887255.0
2024-03-03 04:00:00,1709409600000,0.14177,0.14199,0.14023,0.14031,31704850.0
2024-03-03 04:15:00,1709410500000,0.14031,0.14062,0.13951,0.13987,31699828.0
2024-03-03 04:30:00,1709411400000,0.13988,0.14015,0.13982,0.13983,14337500.0
2024-03-03 04:45:00,1709412300000,0.13983,0.14038,0.13982,0.14018,19366585.0
2024-03-03 05:00:00,1709413200000,0.1402,0.14106,0.14013,0.14086,20517738.0
2024-03-03 05:15:00,1709414100000,0.14087,0.14164,0.14078,0.14106,22194560.0
2024-03-03 05:30:00,1709415000000,0.14106,0.1427,0.14106,0.14249,22730508.0
2024-03-03 05:45:00,1709415900000,0.14248,0.14278,0.14154,0.14202,20587274.0
2024-03-03 06:00:00,1709416800000,0.14201,0.14305,0.14101,0.14257,27754615.0
2024-03-03 06:15:00,1709417700000,0.14258,0.14263,0.14114,0.14148,18085211.0
2024-03-03 06:30:00,1709418600000,0.14148,0.14247,0.14107,0.1418,11912114.0
2024-03-03 06:45:00,1709419500000,0.14179,0.14289,0.14177,0.14217,16936325.0
2024-03-03 07:00:00,1709420400000,0.14217,0.14351,0.14183,0.14204,44878471.0
2024-03-03 07:15:00,1709421300000,0.14204,0.1445,0.14166,0.14292,49551261.0
2024-03-03 07:30:00,1709422200000,0.14292,0.14422,0.14256,0.14306,40560110.0
2024-03-03 07:45:00,1709423100000,0.14306,0.14319,0.14013,0.14196,41720636.0
2024-03-03 08:00:00,1709424000000,0.14195,0.14235,0.13941,0.13983,64313152.0
2024-03-03 08:15:00,1709424900000,0.13983,0.14343,0.13964,0.14289,73703979.0
2024-03-03 08:30:00,1709425800000,0.14287,0.14386,0.14044,0.14064,70874907.0
2024-03-03 08:45:00,1709426700000,0.14064,0.14118,0.13974,0.14031,51168781.0
2024-03-03 09:00:00,1709427600000,0.1403,0.14288,0.13962,0.1408,75300702.0
2024-03-03 09:15:00,1709428500000,0.1408,0.14177,0.13916,0.14014,44402706.0
2024-03-03 09:30:00,1709429400000,0.14015,0.1405,0.13951,0.14049,29106293.0
2024-03-03 09:45:00,1709430300000,0.1405,0.14056,0.13953,0.13998,22747779.0
2024-03-03 10:00:00,1709431200000,0.13999,0.14022,0.13921,0.13932,24314425.0
2024-03-03 10:15:00,1709432100000,0.13932,0.13945,0.138,0.13813,37775477.0
2024-03-03 10:30:00,1709433000000,0.13815,0.1392,0.138,0.13896,27840057.0
2024-03-03 10:45:00,1709433900000,0.13897,0.13935,0.13875,0.13924,17791031.0
2024-03-03 11:00:00,1709434800000,0.13924,0.13932,0.13798,0.13913,40772461.0
2024-03-03 11:15:00,1709435700000,0.13912,0.13976,0.13884,0.13963,35619595.0
2024-03-03 11:30:00,1709436600000,0.13961,0.14006,0.13941,0.13988,17330395.0
2024-03-03 11:45:00,1709437500000,0.13988,0.14064,0.13962,0.14048,27478037.0
2024-03-03 12:00:00,1709438400000,0.14047,0.14153,0.14034,0.14133,28669832.0
2024-03-03 12:15:00,1709439300000,0.14135,0.1435,0.14129,0.14302,53626645.0
2024-03-03 12:30:00,1709440200000,0.14301,0.1432,0.14214,0.14272,28132863.0
2024-03-03 12:45:00,1709441100000,0.14272,0.14299,0.14147,0.14246,33589684.0
2024-03-03 13:00:00,1709442000000,0.14245,0.14281,0.1409,0.14131,35787391.0
2024-03-03 13:15:00,1709442900000,0.1413,0.14183,0.14107,0.14162,23566737.0
2024-03-03 13:30:00,1709443800000,0.14161,0.14164,0.14059,0.14099,18623673.0
2024-03-03 13:45:00,1709444700000,0.14099,0.14118,0.13982,0.14003,30356742.0
2024-03-03 14:00:00,1709445600000,0.14005,0.14012,0.137,0.13753,72165279.0
2024-03-03 14:15:00,1709446500000,0.1375,0.13974,0.1375,0.13917,41314102.0
2024-03-03 14:30:00,1709447400000,0.13917,0.13943,0.138,0.13886,29318947.0
2024-03-03 14:45:00,1709448300000,0.13887,0.13947,0.13796,0.13813,27878795.0
2024-03-03 15:00:00,1709449200000,0.13814,0.13861,0.13743,0.13794,35301606.0
2024-03-03 15:15:00,1709450100000,0.13795,0.13797,0.12356,0.13153,204918715.0
2024-03-03 15:30:00,1709451000000,0.13153,0.13301,0.12934,0.13191,121827718.0
2024-03-03 15:45:00,1709451900000,0.13191,0.13299,0.13127,0.13131,76605846.0
2024-03-03 16:00:00,1709452800000,0.13131,0.13279,0.1291,0.12938,145038592.0
2024-03-03 16:15:00,1709453700000,0.1294,0.13151,0.1294,0.13084,87950960.0
2024-03-03 16:30:00,1709454600000,0.13086,0.13335,0.13082,0.13301,82269471.0
2024-03-03 16:45:00,1709455500000,0.133,0.13432,0.13265,0.1338,84875091.0
2024-03-03 17:00:00,1709456400000,0.13377,0.13479,0.13298,0.134,81379869.0
2024-03-03 17:15:00,1709457300000,0.134,0.13419,0.13251,0.13333,48547023.0
2024-03-03 17:30:00,1709458200000,0.13331,0.13449,0.13298,0.13329,50712903.0
2024-03-03 17:45:00,1709459100000,0.13328,0.13424,0.13252,0.13372,49651663.0
2024-03-03 18:00:00,1709460000000,0.13373,0.13441,0.13301,0.13358,52928044.0
2024-03-03 18:15:00,1709460900000,0.13356,0.13642,0.13316,0.13595,99945963.0
2024-03-03 18:30:00,1709461800000,0.13592,0.13674,0.13537,0.13624,60099527.0
2024-03-03 18:45:00,1709462700000,0.13624,0.13624,0.13458,0.13499,49425484.0
2024-03-03 19:00:00,1709463600000,0.135,0.13531,0.13402,0.13505,39925599.0
2024-03-03 19:15:00,1709464500000,0.13506,0.13626,0.13487,0.13562,24877289.0
2024-03-03 19:30:00,1709465400000,0.13562,0.13933,0.13542,0.13816,85853410.0
2024-03-03 19:45:00,1709466300000,0.13816,0.14278,0.13756,0.1414,156076595.0
2024-03-03 20:00:00,1709467200000,0.1414,0.14336,0.14048,0.14152,103244636.0
2024-03-03 20:15:00,1709468100000,0.14148,0.14337,0.14121,0.14155,100905022.0
2024-03-03 20:30:00,1709469000000,0.14155,0.14192,0.14029,0.14096,62605178.0
2024-03-03 20:45:00,1709469900000,0.14094,0.14108,0.1385,0.13959,51933170.0
2024-03-03 21:00:00,1709470800000,0.1395,0.1417,0.1395,0.14049,45888186.0
2024-03-03 21:15:00,1709471700000,0.14049,0.14049,0.13893,0.14003,38837550.0
2024-03-03 21:30:00,1709472600000,0.14002,0.14037,0.13836,0.13986,33993826.0
2024-03-03 21:45:00,1709473500000,0.13986,0.1409,0.1398,0.14034,31273516.0
2024-03-03 22:00:00,1709474400000,0.14033,0.142,0.1397,0.14154,52872858.0
2024-03-03 22:15:00,1709475300000,0.14153,0.14175,0.13962,0.14026,42791486.0
2024-03-03 22:30:00,1709476200000,0.14026,0.14034,0.13845,0.13925,55025866.0
2024-03-03 22:45:00,1709477100000,0.13926,0.13972,0.13732,0.1378,52524109.0
2024-03-03 23:00:00,1709478000000,0.13777,0.13946,0.13775,0.13886,30185697.0
2024-03-03 23:15:00,1709478900000,0.13886,0.13973,0.13815,0.13912,32151038.0
2024-03-03 23:30:00,1709479800000,0.13913,0.14013,0.13823,0.14002,42633632.0
2024-03-03 23:45:00,1709480700000,0.13999,0.14048,0.13958,0.14023,24941501.0
2024-03-04 00:00:00,1709481600000,0.14023,0.1422,0.13869,0.14097,76648292.0
2024-03-04 00:15:00,1709482500000,0.14097,0.14099,0.13834,0.14031,65929153.0
2024-03-04 00:30:00,1709483400000,0.14031,0.14205,0.1397,0.14098,43239876.0
2024-03-04 00:45:00,1709484300000,0.14097,0.142,0.14037,0.14136,39902086.0
2024-03-04 01:00:00,1709485200000,0.14136,0.14218,0.14036,0.1408,47341532.0
2024-03-04 01:15:00,1709486100000,0.14081,0.14287,0.14039,0.14205,43499558.0
2024-03-04 01:30:00,1709487000000,0.14204,0.14204,0.13924,0.1397,51196753.0
2024-03-04 01:45:00,1709487900000,0.1397,0.1407,0.13955,0.14029,26431660.0
2024-03-04 02:00:00,1709488800000,0.1403,0.14123,0.13971,0.14085,36537866.0
2024-03-04 02:15:00,1709489700000,0.14083,0.14246,0.14081,0.14235,48233649.0
2024-03-04 02:30:00,1709490600000,0.14235,0.149,0.1421,0.14852,177581074.0
2024-03-04 02:45:00,1709491500000,0.14854,0.14998,0.14632,0.14873,167479509.0
2024-03-04 03:00:00,1709492400000,0.14876,0.15289,0.14592,0.14637,226789413.0
2024-03-04 03:15:00,1709493300000,0.14637,0.14813,0.14627,0.14777,103734348.0
2024-03-04 03:30:00,1709494200000,0.14778,0.15249,0.1476,0.15205,131105500.0
2024-03-04 03:45:00,1709495100000,0.15205,0.1535,0.14914,0.15099,129880171.0
2024-03-04 04:00:00,1709496000000,0.15097,0.1547,0.15042,0.1525,188847600.0
2024-03-04 04:15:00,1709496900000,0.1525,0.15482,0.1518,0.15442,106181712.0
2024-03-04 04:30:00,1709497800000,0.15442,0.15565,0.15317,0.15405,131171510.0
2024-03-04 04:45:00,1709498700000,0.15405,0.15487,0.15185,0.15355,88866581.0
2024-03-04 05:00:00,1709499600000,0.15353,0.15388,0.15161,0.15246,74930092.0
2024-03-04 05:15:00,1709500500000,0.15245,0.15423,0.15214,0.15395,51161541.0
2024-03-04 05:30:00,1709501400000,0.15398,0.15428,0.15193,0.152,47067034.0
2024-03-04 05:45:00,1709502300000,0.152,0.15378,0.15162,0.15356,49729167.0
2024-03-04 06:00:00,1709503200000,0.15356,0.15389,0.15209,0.15299,42043763.0
2024-03-04 06:15:00,1709504100000,0.15296,0.156,0.15254,0.15564,80731795.0
2024-03-04 06:30:00,1709505000000,0.15564,0.15564,0.15383,0.15448,33498977.0
2024-03-04 06:45:00,1709505900000,0.1545,0.15451,0.14928,0.15093,54832553.0
2024-03-04 07:00:00,1709506800000,0.15094,0.15263,0.15006,0.15176,40276108.0
2024-03-04 07:15:00,1709507700000,0.15176,0.15626,0.15173,0.15498,67116688.0
2024-03-04 07:30:00,1709508600000,0.15501,0.15629,0.15343,0.15416,74441906.0
2024-03-04 07:45:00,1709509500000,0.15417,0.15467,0.15305,0.15347,43729273.0
2024-03-04 08:00:00,1709510400000,0.15346,0.15459,0.1504,0.15143,82805312.0
2024-03-04 08:15:00,1709511300000,0.15139,0.156,0.15086,0.1554,94772781.0
2024-03-04 08:30:00,1709512200000,0.15538,0.15588,0.15376,0.15445,85293484.0
2024-03-04 08:45:00,1709513100000,0.15439,0.15439,0.14424,0.15203,138675113.0
2024-03-04 09:00:00,1709514000000,0.15203,0.15299,0.15008,0.15288,75816406.0
2024-03-04 09:15:00,1709514900000,0.15288,0.15314,0.15064,0.15275,52706963.0
2024-03-04 09:30:00,1709515800000,0.15273,0.15293,0.15134,0.15271,33524500.0
2024-03-04 09:45:00,1709516700000,0.15272,0.15327,0.15121,0.15159,63371476.0
2024-03-04 10:00:00,1709517600000,0.15161,0.15275,0.15065,0.15169,53195487.0
2024-03-04 10:15:00,1709518500000,0.15167,0.15778,0.1513,0.15761,114558597.0
2024-03-04 10:30:00,1709519400000,0.15761,0.15875,0.15577,0.1576,121410400.0
2024-03-04 10:45:00,1709520300000,0.1576,0.15858,0.15666,0.15752,55881512.0
2024-03-04 11:00:00,1709521200000,0.15753,0.15756,0.15551,0.15701,52182920.0
2024-03-04 11:15:00,1709522100000,0.15702,0.15753,0.15461,0.15571,55841776.0
2024-03-04 11:30:00,1709523000000,0.15571,0.15678,0.1545,0.15633,47602153.0
2024-03-04 11:45:00,1709523900000,0.15634,0.1573,0.15471,0.1566,49505128.0
2024-03-04 12:00:00,1709524800000,0.1566,0.1586,0.15494,0.15855,79187165.0
2024-03-04 12:15:00,1709525700000,0.15855,0.159,0.15628,0.15666,68826080.0
2024-03-04 12:30:00,1709526600000,0.15666,0.15882,0.15652,0.15823,55411449.0
2024-03-04 12:45:00,1709527500000,0.15823,0.15921,0.15699,0.15724,53203757.0
2024-03-04 13:00:00,1709528400000,0.15726,0.16016,0.15699,0.15944,94473037.0
2024-03-04 13:15:00,1709529300000,0.15944,0.15968,0.15641,0.15678,56846913.0
2024-03-04 13:30:00,1709530200000,0.15679,0.15804,0.15616,0.15684,37390853.0
2024-03-04 13:45:00,1709531100000,0.15684,0.16057,0.15675,0.15941,70185641.0
2024-03-04 14:00:00,1709532000000,0.15938,0.16443,0.15927,0.16349,132171065.0
2024-03-04 14:15:00,1709532900000,0.16349,0.16369,0.1621,0.16302,75344438.0
2024-03-04 14:30:00,1709533800000,0.16302,0.16691,0.16206,0.16632,153080909.0
2024-03-04 14:45:00,1709534700000,0.16633,0.16699,0.16468,0.16555,103599317.0
2024-03-04 15:00:00,1709535600000,0.16555,0.16561,0.163,0.16504,79608560.0
2024-03-04 15:15:00,1709536500000,0.16502,0.16606,0.16316,0.16316,78368409.0
2024-03-04 15:30:00,1709537400000,0.16316,0.16461,0.16296,0.16442,53690467.0
2024-03-04 15:45:00,1709538300000,0.16442,0.16452,0.16288,0.16375,46282302.0
2024-03-04 16:00:00,1709539200000,0.16377,0.1661,0.16364,0.16449,72472300.0
2024-03-04 16:15:00,1709540100000,0.1645,0.1667,0.16436,0.16641,56786714.0
2024-03-04 16:30:00,1709541000000,0.1664,0.17179,0.16582,0.17162,138220419.0
2024-03-04 16:45:00,1709541900000,0.17162,0.17189,0.168,0.16891,119666328.0
2024-03-04 17:00:00,1709542800000,0.16891,0.16896,0.16486,0.16552,128377996.0
2024-03-04 17:15:00,1709543700000,0.1655,0.16605,0.16221,0.16532,87977492.0
2024-03-04 17:30:00,1709544600000,0.16533,0.1675,0.1652,0.16611,93909378.0
2024-03-04 17:45:00,1709545500000,0.1661,0.1667,0.16404,0.16446,60210712.0
2024-03-04 18:00:00,1709546400000,0.16446,0.16499,0.16,0.16259,111491092.0
2024-03-04 18:15:00,1709547300000,0.16258,0.16361,0.16103,0.16253,54509765.0
2024-03-04 18:30:00,1709548200000,0.16252,0.16268,0.15991,0.16223,76757530.0
2024-03-04 18:45:00,1709549100000,0.16223,0.16248,0.15965,0.16126,59798552.0
2024-03-04 19:00:00,1709550000000,0.16126,0.16198,0.16035,0.16105,47466615.0
2024-03-04 19:15:00,1709550900000,0.16104,0.16169,0.15983,0.15993,37305676.0
2024-03-04 19:30:00,1709551800000,0.15993,0.16267,0.15906,0.16186,69430241.0
2024-03-04 19:45:00,1709552700000,0.16186,0.16283,0.16184,0.16261,45458866.0
2024-03-04 20:00:00,1709553600000,0.16262,0.16272,0.15989,0.16049,69192098.0
2024-03-04 20:15:00,1709554500000,0.16049,0.16149,0.15963,0.16027,63598018.0
2024-03-04 20:30:00,1709555400000,0.16028,0.1625,0.15988,0.16104,51876360.0
2024-03-04 20:45:00,1709556300000,0.16103,0.16227,0.16019,0.16186,32862470.0
2024-03-04 21:00:00,1709557200000,0.16186,0.16398,0.16179,0.16351,57915327.0
2024-03-04 21:15:00,1709558100000,0.16351,0.1638,0.16176,0.1624,39259077.0
2024-03-04 21:30:00,1709559000000,0.16238,0.16405,0.16221,0.16319,39897052.0
2024-03-04 21:45:00,1709559900000,0.1632,0.16323,0.16001,0.16033,51182564.0
2024-03-04 22:00:00,1709560800000,0.16033,0.1625,0.158,0.16244,110312734.0
2024-03-04 22:15:00,1709561700000,0.16244,0.16364,0.16187,0.16256,53589680.0
2024-03-04 22:30:00,1709562600000,0.16259,0.1692,0.16241,0.16836,135541758.0
2024-03-04 22:45:00,1709563500000,0.16833,0.16868,0.16619,0.1672,83420153.0
2024-03-04 23:00:00,1709564400000,0.16719,0.16938,0.16512,0.1685,87877900.0
2024-03-04 23:15:00,1709565300000,0.1685,0.16989,0.16707,0.16727,95521607.0
2024-03-04 23:30:00,1709566200000,0.16728,0.16976,0.16648,0.16936,59685113.0
2024-03-04 23:45:00,1709567100000,0.16935,0.172,0.16807,0.17178,114119973.0
2024-03-05 00:00:00,1709568000000,0.17178,0.178,0.169,0.17785,202365005.0
2024-03-05 00:15:00,1709568900000,0.17787,0.17836,0.17111,0.17231,185440653.0
2024-03-05 00:30:00,1709569800000,0.17232,0.18144,0.17154,0.18096,194595267.0
2024-03-05 00:45:00,1709570700000,0.1809,0.185,0.17873,0.18192,312458763.0
2024-03-05 01:00:00,1709571600000,0.18194,0.18518,0.17387,0.1784,273114150.0
2024-03-05 01:15:00,1709572500000,0.1784,0.184,0.17751,0.1839,147641559.0
2024-03-05 01:30:00,1709573400000,0.18389,0.18392,0.17833,0.1801,143800947.0
2024-03-05 01:45:00,1709574300000,0.1801,0.18161,0.17307,0.17369,170179951.0
2024-03-05 02:00:00,1709575200000,0.17371,0.179,0.1705,0.17438,149241572.0
2024-03-05 02:15:00,1709576100000,0.17437,0.17634,0.16674,0.16689,151427848.0
2024-03-05 02:30:00,1709577000000,0.16686,0.17407,0.16671,0.1734,94500929.0
2024-03-05 02:45:00,1709577900000,0.17341,0.17575,0.173,0.17519,63391003.0
2024-03-05 03:00:00,1709578800000,0.17519,0.17537,0.17247,0.17298,54694014.0
2024-03-05 03:15:00,1709579700000,0.17298,0.17681,0.17282,0.176,51005956.0
2024-03-05 03:30:00,1709580600000,0.176,0.17784,0.17466,0.17665,57784647.0
2024-03-05 03:45:00,1709581500000,0.17664,0.17878,0.17635,0.17837,40859127.0
2024-03-05 04:00:00,1709582400000,0.17837,0.17859,0.17496,0.178,55834975.0
2024-03-05 04:15:00,1709583300000,0.17801,0.183,0.1753,0.18194,82573380.0
2024-03-05 04:30:00,1709584200000,0.18196,0.18376,0.1788,0.17895,78257042.0
2024-03-05 04:45:00,1709585100000,0.17894,0.17976,0.17524,0.1759,61535181.0
2024-03-05 05:00:00,1709586000000,0.17589,0.17603,0.17243,0.17328,64968312.0
2024-03-05 05:15:00,1709586900000,0.1733,0.17415,0.1725,0.17271,38501245.0
2024-03-05 05:30:00,1709587800000,0.17271,0.17474,0.17235,0.17387,29858664.0
2024-03-05 05:45:00,1709588700000,0.17387,0.17644,0.17331,0.17609,46677618.0
2024-03-05 06:00:00,1709589600000,0.17608,0.17803,0.17571,0.17712,65077861.0
2024-03-05 06:15:00,1709590500000,0.17713,0.17731,0.17457,0.17654,34148585.0
2024-03-05 06:30:00,1709591400000,0.17655,0.17976,0.17591,0.1795,32877737.0
2024-03-05 06:45:00,1709592300000,0.17949,0.18007,0.1782,0.17991,37848898.0
2024-03-05 07:00:00,1709593200000,0.17992,0.1826,0.17892,0.18091,90790384.0
2024-03-05 07:15:00,1709594100000,0.18088,0.18455,0.18069,0.18268,113586697.0
2024-03-05 07:30:00,1709595000000,0.18267,0.18448,0.17923,0.18285,105584578.0
2024-03-05 07:45:00,1709595900000,0.18289,0.18336,0.18052,0.18196,58594250.0
2024-03-05 08:00:00,1709596800000,0.18197,0.187,0.18078,0.18679,192394138.0
2024-03-05 08:15:00,1709597700000,0.18679,0.194,0.18614,0.19317,225205840.0
2024-03-05 08:30:00,1709598600000,0.19321,0.198,0.18996,0.19622,172691534.0
2024-03-05 08:45:00,1709599500000,0.1962,0.19873,0.19446,0.19802,180224714.0
2024-03-05 09:00:00,1709600400000,0.19802,0.1998,0.19384,0.19739,182097611.0
2024-03-05 09:15:00,1709601300000,0.19736,0.19876,0.19501,0.19773,134528128.0
2024-03-05 09:30:00,1709602200000,0.19767,0.19912,0.19548,0.19578,99395089.0
2024-03-05 09:45:00,1709603100000,0.19577,0.20455,0.19536,0.2028,201932906.0
2024-03-05 10:00:00,1709604000000,0.20283,0.20637,0.197,0.19876,232443953.0
2024-03-05 10:15:00,1709604900000,0.19877,0.199,0.19442,0.1946,135877718.0
2024-03-05 10:30:00,1709605800000,0.19461,0.19615,0.19055,0.19251,140244335.0
2024-03-05 10:45:00,1709606700000,0.19252,0.19619,0.19241,0.19479,84089437.0
2024-03-05 11:00:00,1709607600000,0.1948,0.19613,0.1928,0.19494,81182668.0
2024-03-05 11:15:00,1709608500000,0.19493,0.19664,0.19343,0.19389,60916727.0
2024-03-05 11:30:00,1709609400000,0.19388,0.19812,0.19388,0.19801,72559388.0
2024-03-05 11:45:00,1709610300000,0.19801,0.19849,0.19585,0.19586,55121209.0
2024-03-05 12:00:00,1709611200000,0.19586,0.19899,0.188,0.18874,145435820.0
2024-03-05 12:15:00,1709612100000,0.18873,0.18986,0.18361,0.18476,188592007.0
2024-03-05 12:30:00,1709613000000,0.18475,0.18893,0.18,0.18156,157008136.0
2024-03-05 12:45:00,1709613900000,0.18156,0.18407,0.17524,0.18164,227650298.0
2024-03-05 13:00:00,1709614800000,0.18166,0.18193,0.16825,0.1797,240903532.0
2024-03-05 13:15:00,1709615700000,0.17971,0.18366,0.17932,0.18299,121762543.0
2024-03-05 13:30:00,1709616600000,0.18295,0.18316,0.17591,0.17825,142450272.0
2024-03-05 13:45:00,1709617500000,0.17824,0.18227,0.17767,0.18165,68023946.0
2024-03-05 14:00:00,1709618400000,0.18165,0.18165,0.17825,0.1789,72017917.0
2024-03-05 14:15:00,1709619300000,0.1788,0.18527,0.178,0.18481,92347688.0
2024-03-05 14:30:00,1709620200000,0.18481,0.18693,0.18359,0.1848,72273514.0
2024-03-05 14:45:00,1709621100000,0.18481,0.18677,0.18296,0.18448,66255405.0
2024-03-05 15:00:00,1709622000000,0.18449,0.18562,0.18155,0.18356,67407057.0
2024-03-05 15:15:00,1709622900000,0.18356,0.18474,0.1804,0.18077,78257108.0
2024-03-05 15:30:00,1709623800000,0.18078,0.1827,0.18012,0.18058,69402385.0
2024-03-05 15:45:00,1709624700000,0.18058,0.18255,0.17762,0.17796,86944444.0
2024-03-05 16:00:00,1709625600000,0.17796,0.17975,0.1746,0.17926,97792149.0
2024-03-05 16:15:00,1709626500000,0.17922,0.18156,0.1789,0.17977,54399924.0
2024-03-05 16:30:00,1709627400000,0.17972,0.18141,0.17807,0.18041,48025659.0
2024-03-05 16:45:00,1709628300000,0.18042,0.18187,0.17948,0.18028,48581119.0
2024-03-05 17:00:00,1709629200000,0.18027,0.18195,0.17829,0.1814,39785868.0
2024-03-05 17:15:00,1709630100000,0.18137,0.183,0.181,0.18289,39252124.0
2024-03-05 17:30:00,1709631000000,0.18288,0.18288,0.17879,0.17938,42695979.0
2024-03-05 17:45:00,1709631900000,0.17939,0.17953,0.17674,0.1784,56073298.0
2024-03-05 18:00:00,1709632800000,0.17839,0.18435,0.17839,0.18432,97001113.0
2024-03-05 18:15:00,1709633700000,0.18431,0.18678,0.18342,0.18627,72466625.0
2024-03-05 18:30:00,1709634600000,0.18628,0.18649,0.18388,0.18435,66926973.0
2024-03-05 18:45:00,1709635500000,0.18438,0.18526,0.18324,0.18375,37280383.0
2024-03-05 19:00:00,1709636400000,0.18374,0.1844,0.1828,0.18301,36889690.0
2024-03-05 19:15:00,1709637300000,0.18302,0.18454,0.182,0.18448,42035840.0
2024-03-05 19:30:00,1709638200000,0.18447,0.18447,0.1804,0.18051,48758838.0
2024-03-05 19:45:00,1709639100000,0.18051,0.18152,0.18008,0.18092,36760193.0
2024-03-05 20:00:00,1709640000000,0.18092,0.18357,0.18001,0.18314,50894295.0
2024-03-05 20:15:00,1709640900000,0.18315,0.18431,0.18135,0.18189,57103296.0
2024-03-05 20:30:00,1709641800000,0.18188,0.18468,0.18085,0.18445,65931246.0
2024-03-05 20:45:00,1709642700000,0.18444,0.18648,0.18393,0.18589,87464794.0
2024-03-05 21:00:00,1709643600000,0.18587,0.18868,0.18503,0.18858,96742843.0
2024-03-05 21:15:00,1709644500000,0.18859,0.18977,0.1873,0.18782,93137797.0
2024-03-05 21:30:00,1709645400000,0.18783,0.18872,0.18498,0.18735,68476059.0
2024-03-05 21:45:00,1709646300000,0.18734,0.192,0.18609,0.18938,105798917.0
2024-03-05 22:00:00,1709647200000,0.18936,0.1894,0.18218,0.18371,106286115.0
2024-03-05 22:15:00,1709648100000,0.18375,0.18541,0.18101,0.18408,90431137.0
2024-03-05 22:30:00,1709649000000,0.18408,0.18944,0.18319,0.18924,82526253.0
2024-03-05 22:45:00,1709649900000,0.18924,0.19163,0.18719,0.18774,114682667.0
2024-03-05 23:00:00,1709650800000,0.18773,0.18918,0.18201,0.185,130849470.0
2024-03-05 23:15:00,1709651700000,0.18499,0.18562,0.17616,0.17707,164308013.0
2024-03-05 23:30:00,1709652600000,0.17707,0.17931,0.17301,0.17322,213445359.0
2024-03-05 23:45:00,1709653500000,0.17324,0.17829,0.17249,0.17278,137193577.0
2024-03-06 00:00:00,1709654400000,0.17273,0.17489,0.158,0.16501,437896614.0
2024-03-06 00:15:00,1709655300000,0.16502,0.16858,0.16051,0.16858,244386384.0
2024-03-06 00:30:00,1709656200000,0.16858,0.17008,0.1625,0.16289,182253142.0
2024-03-06 00:45:00,1709657100000,0.16291,0.16625,0.16093,0.16623,174272617.0
2024-03-06 01:00:00,1709658000000,0.16622,0.1663,0.15305,0.15735,290759647.0
2024-03-06 01:15:00,1709658900000,0.15741,0.16172,0.15624,0.15991,170010345.0
2024-03-06 01:30:00,1709659800000,0.15987,0.16117,0.157,0.16098,140637256.0
2024-03-06 01:45:00,1709660700000,0.16098,0.16638,0.16089,0.16492,122683296.0
2024-03-06 02:00:00,1709661600000,0.16489,0.16489,0.16166,0.16336,92050974.0
2024-03-06 02:15:00,1709662500000,0.16338,0.16484,0.16136,0.16202,68950083.0
2024-03-06 02:30:00,1709663400000,0.162,0.16539,0.16163,0.16203,89034306.0
2024-03-06 02:45:00,1709664300000,0.16203,0.1624,0.15677,0.15752,136764590.0
2024-03-06 03:00:00,1709665200000,0.15753,0.15943,0.15404,0.15429,137712199.0
2024-03-06 03:15:00,1709666100000,0.15429,0.15731,0.15208,0.15679,127313462.0
2024-03-06 03:30:00,1709667000000,0.15677,0.15769,0.14988,0.15252,174540513.0
2024-03-06 03:45:00,1709667900000,0.15253,0.1533,0.126,0.13797,410456678.0
2024-03-06 04:00:00,1709668800000,0.13803,0.1452,0.13738,0.14358,282775026.0
2024-03-06 04:15:00,1709669700000,0.14355,0.14476,0.13471,0.13808,249222981.0
2024-03-06 04:30:00,1709670600000,0.13804,0.14086,0.12766,0.13478,326726833.0
2024-03-06 04:45:00,1709671500000,0.13478,0.14021,0.13456,0.13656,224668666.0
2024-03-06 05:00:00,1709672400000,0.13656,0.1443,0.13646,0.14347,257486615.0
2024-03-06 05:15:00,1709673300000,0.14347,0.15437,0.143,0.15421,375798091.0
2024-03-06 05:30:00,1709674200000,0.15419,0.15441,0.147,0.1512,238656392.0
2024-03-06 05:45:00,1709675100000,0.15119,0.15183,0.1482,0.15082,182132263.0
2024-03-06 06:00:00,1709676000000,0.15082,0.15248,0.14831,0.14873,118518081.0
2024-03-06 06:15:00,1709676900000,0.14871,0.14934,0.14459,0.14796,192097430.0
2024-03-06 06:30:00,1709677800000,0.14795,0.15189,0.14771,0.14975,67887313.0
2024-03-06 06:45:00,1709678700000,0.14977,0.15364,0.14895,0.15342,50012803.0
2024-03-06 07:00:00,1709679600000,0.15343,0.15477,0.152,0.15277,80734076.0
2024-03-06 07:15:00,1709680500000,0.15278,0.15489,0.15183,0.15355,53208199.0
2024-03-06 07:30:00,1709681400000,0.15359,0.154,0.15128,0.154,50754946.0
2024-03-06 07:45:00,1709682300000,0.154,0.15719,0.15293,0.15304,102456997.0
2024-03-06 08:00:00,1709683200000,0.15304,0.15387,0.15111,0.15129,90799437.0
2024-03-06 08:15:00,1709684100000,0.15129,0.15975,0.15019,0.15966,93811542.0
2024-03-06 08:30:00,1709685000000,0.15965,0.16017,0.15637,0.15755,155143303.0
2024-03-06 08:45:00,1709685900000,0.15755,0.15806,0.15229,0.15258,87180116.0
2024-03-06 09:00:00,1709686800000,0.15258,0.15447,0.15097,0.15159,75382093.0
2024-03-06 09:15:00,1709687700000,0.15162,0.15296,0.14891,0.14998,77110880.0
2024-03-06 09:30:00,1709688600000,0.14998,0.15239,0.14998,0.15124,65220767.0
2024-03-06 09:45:00,1709689500000,0.15124,0.15259,0.1485,0.14939,72617811.0
2024-03-06 10:00:00,1709690400000,0.14938,0.15029,0.14814,0.15022,78219318.0
2024-03-06 10:15:00,1709691300000,0.15022,0.15048,0.14756,0.14773,68387355.0
2024-03-06 10:30:00,1709692200000,0.14776,0.15043,0.14771,0.1501,48371215.0
2024-03-06 10:45:00,1709693100000,0.15011,0.15027,0.1461,0.14655,59585996.0
2024-03-06 11:00:00,1709694000000,0.14653,0.14956,0.14649,0.14824,52628960.0
2024-03-06 11:15:00,1709694900000,0.14822,0.15159,0.14822,0.15026,68149094.0
2024-03-06 11:30:00,1709695800000,0.15026,0.15129,0.14991,0.15022,38259505.0
2024-03-06 11:45:00,1709696700000,0.15022,0.15196,0.15022,0.15094,46246272.0
2024-03-06 12:00:00,1709697600000,0.15093,0.15244,0.14985,0.15087,98191376.0
2024-03-06 12:15:00,1709698500000,0.15087,0.15298,0.15065,0.15072,54706681.0
2024-03-06 12:30:00,1709699400000,0.15073,0.15354,0.15054,0.15339,39081646.0
2024-03-06 12:45:00,1709700300000,0.15337,0.16413,0.15295,0.16116,149961101.0
2024-03-06 13:00:00,1709701200000,0.16113,0.16331,0.159,0.16248,122242782.0
2024-03-06 13:15:00,1709702100000,0.16244,0.1656,0.1615,0.16467,127093878.0
2024-03-06 13:30:00,1709703000000,0.16469,0.16823,0.16298,0.16494,129871612.0
2024-03-06 13:45:00,1709703900000,0.16493,0.16782,0.16344,0.1669,84597017.0
2024-03-06 14:00:00,1709704800000,0.1669,0.16787,0.16554,0.16718,74144588.0
2024-03-06 14:15:00,1709705700000,0.16718,0.1685,0.16406,0.16507,77062442.0
2024-03-06 14:30:00,1709706600000,0.16507,0.1698,0.16481,0.16959,75238984.0
2024-03-06 14:45:00,1709707500000,0.1696,0.16969,0.16568,0.16587,76905404.0
2024-03-06 15:00:00,1709708400000,0.16586,0.16752,0.16361,0.16743,84122397.0
2024-03-06 15:15:00,1709709300000,0.16743,0.168,0.16501,0.16543,45714136.0
2024-03-06 15:30:00,1709710200000,0.16543,0.16647,0.16434,0.16603,32699786.0
2024-03-06 15:45:00,1709711100000,0.16604,0.16833,0.16438,0.16794,50282335.0
2024-03-06 16:00:00,1709712000000,0.16795,0.1727,0.16622,0.17257,94137735.0
2024-03-06 16:15:00,1709712900000,0.17256,0.17649,0.17216,0.17616,121437338.0
2024-03-06 16:30:00,1709713800000,0.17624,0.17981,0.17133,0.17312,163989689.0
2024-03-06 16:45:00,1709714700000,0.17313,0.17329,0.16923,0.17045,92573600.0
2024-03-06 17:00:00,1709715600000,0.17045,0.17366,0.16967,0.17157,76599524.0
2024-03-06 17:15:00,1709716500000,0.17158,0.17325,0.17,0.17068,47109071.0
2024-03-06 17:30:00,1709717400000,0.17072,0.17091,0.16788,0.16895,68171552.0
2024-03-06 17:45:00,1709718300000,0.16895,0.16987,0.16635,0.16682,69370486.0
2024-03-06 18:00:00,1709719200000,0.16682,0.17015,0.16679,0.16775,49732273.0
2024-03-06 18:15:00,1709720100000,0.16773,0.16972,0.16723,0.16727,37739821.0
2024-03-06 18:30:00,1709721000000,0.1673,0.16886,0.16708,0.16884,33881654.0
2024-03-06 18:45:00,1709721900000,0.16884,0.1692,0.16687,0.16865,49475879.0
2024-03-06 19:00:00,1709722800000,0.1687,0.16881,0.16622,0.16797,37354036.0
2024-03-06 19:15:00,1709723700000,0.16797,0.17,0.16701,0.16978,49978717.0
2024-03-06 19:30:00,1709724600000,0.16975,0.16994,0.16644,0.16799,37135747.0
2024-03-06 19:45:00,1709725500000,0.168,0.16877,0.16701,0.16819,39196617.0
2024-03-06 20:00:00,1709726400000,0.1682,0.16988,0.16503,0.16638,57422813.0
2024-03-06 20:15:00,1709727300000,0.16639,0.16664,0.16395,0.16559,57034472.0
2024-03-06 20:30:00,1709728200000,0.1656,0.16602,0.16204,0.1621,84548299.0
2024-03-06 20:45:00,1709729100000,0.16206,0.16369,0.157,0.16203,148994363.0
2024-03-06 21:00:00,1709730000000,0.16204,0.1635,0.16029,0.16244,73093319.0
2024-03-06 21:15:00,1709730900000,0.16248,0.16434,0.16187,0.16258,60860522.0
2024-03-06 21:30:00,1709731800000,0.16256,0.16366,0.16079,0.16083,48041768.0
2024-03-06 21:45:00,1709732700000,0.16082,0.1649,0.16073,0.16352,49655333.0
2024-03-06 22:00:00,1709733600000,0.16351,0.16508,0.1635,0.16446,43618507.0
2024-03-06 22:15:00,1709734500000,0.16445,0.16469,0.16223,0.16269,47064090.0
2024-03-06 22:30:00,1709735400000,0.16272,0.16434,0.15909,0.15971,57654041.0
2024-03-06 22:45:00,1709736300000,0.15974,0.16152,0.15887,0.15903,54435215.0
2024-03-06 23:00:00,1709737200000,0.15903,0.15977,0.15573,0.1577,112221529.0
2024-03-06 23:15:00,1709738100000,0.15773,0.15959,0.15749,0.15922,38472053.0
2024-03-06 23:30:00,1709739000000,0.15922,0.16143,0.15905,0.16099,37487304.0
2024-03-06 23:45:00,1709739900000,0.16099,0.16226,0.16028,0.16111,25977727.0
2024-03-07 00:00:00,1709740800000,0.16112,0.16334,0.16026,0.16235,48902324.0
2024-03-07 00:15:00,1709741700000,0.16237,0.16268,0.16059,0.16233,39490769.0
2024-03-07 00:30:00,1709742600000,0.16232,0.16233,0.15748,0.15961,114868547.0
2024-03-07 00:45:00,1709743500000,0.15961,0.16137,0.15861,0.1611,44657801.0
2024-03-07 01:00:00,1709744400000,0.16112,0.16126,0.15837,0.16027,34325876.0
2024-03-07 01:15:00,1709745300000,0.16026,0.16078,0.15812,0.15954,46679384.0
2024-03-07 01:30:00,1709746200000,0.15954,0.16187,0.15926,0.15979,37562641.0
2024-03-07 01:45:00,1709747100000,0.15978,0.16128,0.15942,0.16114,20283908.0
2024-03-07 02:00:00,1709748000000,0.16111,0.16173,0.15864,0.15869,32941203.0
2024-03-07 02:15:00,1709748900000,0.15869,0.15972,0.15715,0.15776,33054177.0
2024-03-07 02:30:00,1709749800000,0.15776,0.15832,0.15561,0.15656,41139185.0
2024-03-07 02:45:00,1709750700000,0.15656,0.15726,0.15489,0.15711,36026999.0
2024-03-07 03:00:00,1709751600000,0.15711,0.1578,0.156,0.15741,21798260.0
2024-03-07 03:15:00,1709752500000,0.15741,0.1601,0.15727,0.15985,27107257.0
2024-03-07 03:30:00,1709753400000,0.15984,0.16029,0.15904,0.16024,21499573.0
2024-03-07 03:45:00,1709754300000,0.16024,0.16033,0.15912,0.15975,19242128.0
2024-03-07 04:00:00,1709755200000,0.15976,0.16317,0.15894,0.15955,65668624.0
2024-03-07 04:15:00,1709756100000,0.15956,0.16031,0.15751,0.15832,43355788.0
2024-03-07 04:30:00,1709757000000,0.15834,0.15834,0.15711,0.15746,26010484.0
2024-03-07 04:45:00,1709757900000,0.15747,0.15858,0.1572,0.15765,24805644.0
2024-03-07 05:00:00,1709758800000,0.15764,0.1583,0.15692,0.15695,25317325.0
2024-03-07 05:15:00,1709759700000,0.15694,0.15705,0.156,0.15641,18225577.0
2024-03-07 05:30:00,1709760600000,0.1564,0.15788,0.15618,0.15762,22832211.0
2024-03-07 05:45:00,1709761500000,0.15761,0.15915,0.15725,0.1586,21240751.0
2024-03-07 06:00:00,1709762400000,0.15861,0.15965,0.15849,0.159,27850590.0
2024-03-07 06:15:00,1709763300000,0.159,0.15911,0.15616,0.15801,30724014.0
2024-03-07 06:30:00,1709764200000,0.15801,0.1583,0.15564,0.15587,22169742.0
2024-03-07 06:45:00,1709765100000,0.15587,0.15703,0.15539,0.15645,16786062.0
2024-03-07 07:00:00,1709766000000,0.15646,0.15841,0.1557,0.15837,27359798.0
2024-03-07 07:15:00,1709766900000,0.15837,0.15953,0.15805,0.15915,28788403.0
2024-03-07 07:30:00,1709767800000,0.15915,0.15929,0.15745,0.15773,26955114.0
2024-03-07 07:45:00,1709768700000,0.15774,0.15842,0.15737,0.15784,14281797.0
2024-03-07 08:00:00,1709769600000,0.15784,0.16053,0.15744,0.15945,41733097.0
2024-03-07 08:15:00,1709770500000,0.15945,0.15954,0.15344,0.15371,66785293.0
2024-03-07 08:30:00,1709771400000,0.15369,0.15671,0.15369,0.15628,42499808.0
2024-03-07 08:45:00,1709772300000,0.15627,0.15895,0.1562,0.15894,31702685.0
2024-03-07 09:00:00,1709773200000,0.15894,0.15907,0.15412,0.15514,44810129.0
2024-03-07 09:15:00,1709774100000,0.15512,0.15823,0.15483,0.15752,27361465.0
2024-03-07 09:30:00,1709775000000,0.15751,0.16053,0.15547,0.16045,58041729.0
2024-03-07 09:45:00,1709775900000,0.16046,0.16175,0.159,0.16128,69076539.0
2024-03-07 10:00:00,1709776800000,0.16133,0.1623,0.16015,0.16157,49606542.0
2024-03-07 10:15:00,1709777700000,0.16158,0.16185,0.1583,0.15884,36169250.0
2024-03-07 10:30:00,1709778600000,0.15886,0.1597,0.158,0.15821,33231912.0
2024-03-07 10:45:00,1709779500000,0.15825,0.15921,0.1566,0.15689,30994459.0
2024-03-07 11:00:00,1709780400000,0.15689,0.15741,0.15588,0.15729,35101752.0
2024-03-07 11:15:00,1709781300000,0.15727,0.15728,0.15521,0.15541,29190158.0
2024-03-07 11:30:00,1709782200000,0.15541,0.15584,0.15193,0.15231,62613737.0
2024-03-07 11:45:00,1709783100000,0.15231,0.15344,0.15184,0.15246,50702998.0
2024-03-07 12:00:00,1709784000000,0.15247,0.1539,0.1507,0.1532,59507213.0
2024-03-07 12:15:00,1709784900000,0.15319,0.15388,0.15223,0.15266,35836887.0
2024-03-07 12:30:00,1709785800000,0.15265,0.15341,0.15249,0.15312,25531244.0
2024-03-07 12:45:00,1709786700000,0.15312,0.15315,0.15059,0.15195,51266132.0
2024-03-07 13:00:00,1709787600000,0.15195,0.15284,0.15114,0.15135,24932229.0
2024-03-07 13:15:00,1709788500000,0.15136,0.15208,0.15028,0.15094,38843921.0
2024-03-07 13:30:00,1709789400000,0.15096,0.15105,0.14781,0.14831,93674181.0
2024-03-07 13:45:00,1709790300000,0.14832,0.1496,0.14637,0.14814,78906163.0
2024-03-07 14:00:00,1709791200000,0.14815,0.149,0.14736,0.14872,38149943.0
2024-03-07 14:15:00,1709792100000,0.14869,0.15105,0.14845,0.15023,85207168.0
2024-03-07 14:30:00,1709793000000,0.15024,0.15025,0.1486,0.14901,39812638.0
2024-03-07 14:45:00,1709793900000,0.14902,0.1496,0.14798,0.14907,29965904.0
2024-03-07 15:00:00,1709794800000,0.14909,0.14996,0.14856,0.14915,30210624.0
2024-03-07 15:15:00,1709795700000,0.14917,0.15113,0.149,0.15088,26772661.0
2024-03-07 15:30:00,1709796600000,0.15088,0.15211,0.14989,0.15191,54037511.0
2024-03-07 15:45:00,1709797500000,0.15191,0.15203,0.1508,0.1511,52787105.0
2024-03-07 16:00:00,1709798400000,0.1511,0.15506,0.15069,0.15366,128531282.0
2024-03-07 16:15:00,1709799300000,0.15367,0.15454,0.1531,0.15375,49585947.0
2024-03-07 16:30:00,1709800200000,0.15375,0.1543,0.15285,0.15359,34984215.0
2024-03-07 16:45:00,1709801100000,0.15358,0.15359,0.15186,0.15284,34270524.0
2024-03-07 17:00:00,1709802000000,0.15285,0.15493,0.1523,0.1533,50776701.0
2024-03-07 17:15:00,1709802900000,0.15332,0.15376,0.15199,0.1523,36512943.0
2024-03-07 17:30:00,1709803800000,0.1523,0.154,0.15117,0.1539,29466346.0
2024-03-07 17:45:00,1709804700000,0.15389,0.15395,0.15314,0.15334,14001025.0
2024-03-07 18:00:00,1709805600000,0.15335,0.15438,0.15234,0.1538,39498430.0
2024-03-07 18:15:00,1709806500000,0.1538,0.1539,0.1525,0.15347,20025260.0
2024-03-07 18:30:00,1709807400000,0.15348,0.15363,0.1516,0.152,27555143.0
2024-03-07 18:45:00,1709808300000,0.15201,0.15434,0.15183,0.15412,27121144.0
2024-03-07 19:00:00,1709809200000,0.15413,0.15676,0.15402,0.15503,47121989.0
2024-03-07 19:15:00,1709810100000,0.15505,0.15505,0.15251,0.15403,43321971.0
2024-03-07 19:30:00,1709811000000,0.15402,0.15405,0.152,0.15326,24722399.0
2024-03-07 19:45:00,1709811900000,0.15326,0.15431,0.15281,0.15322,39626025.0
2024-03-07 20:00:00,1709812800000,0.15323,0.154,0.15276,0.15363,48779576.0
2024-03-07 20:15:00,1709813700000,0.15362,0.15397,0.15257,0.15272,22502268.0
2024-03-07 20:30:00,1709814600000,0.15272,0.15326,0.15205,0.15245,23512306.0
2024-03-07 20:45:00,1709815500000,0.15242,0.15252,0.14956,0.14994,81334836.0
2024-03-07 21:00:00,1709816400000,0.14994,0.15,0.1485,0.14933,51125205.0
2024-03-07 21:15:00,1709817300000,0.14935,0.14963,0.14821,0.14918,43080146.0
2024-03-07 21:30:00,1709818200000,0.14917,0.15024,0.14916,0.14991,27709513.0
2024-03-07 21:45:00,1709819100000,0.14991,0.15229,0.1497,0.15206,46294476.0
2024-03-07 22:00:00,1709820000000,0.15206,0.15379,0.15156,0.15307,49751776.0
2024-03-07 22:15:00,1709820900000,0.15307,0.1575,0.15307,0.15615,78226658.0
2024-03-07 22:30:00,1709821800000,0.15615,0.15879,0.15456,0.15622,143520928.0
2024-03-07 22:45:00,1709822700000,0.1562,0.15654,0.15248,0.15493,86337762.0
2024-03-07 23:00:00,1709823600000,0.15496,0.15732,0.15405,0.15408,67732572.0
2024-03-07 23:15:00,1709824500000,0.15408,0.15749,0.15391,0.15495,47159953.0
2024-03-07 23:30:00,1709825400000,0.15495,0.15671,0.15475,0.15616,40885424.0
2024-03-07 23:45:00,1709826300000,0.15617,0.15996,0.15606,0.15876,103823498.0
2024-03-08 00:00:00,1709827200000,0.15876,0.16032,0.15626,0.15678,91256411.0
2024-03-08 00:15:00,1709828100000,0.15677,0.15695,0.15435,0.15457,54941020.0
2024-03-08 00:30:00,1709829000000,0.15456,0.15502,0.15285,0.15301,47640069.0
2024-03-08 00:45:00,1709829900000,0.153,0.15419,0.152,0.1533,35540059.0
2024-03-08 01:00:00,1709830800000,0.15329,0.15527,0.153,0.15513,29676551.0
2024-03-08 01:15:00,1709831700000,0.15513,0.15593,0.15425,0.15533,33047333.0
2024-03-08 01:30:00,1709832600000,0.15531,0.15628,0.1547,0.15627,25387909.0
2024-03-08 01:45:00,1709833500000,0.15626,0.15644,0.15459,0.1554,21429517.0
2024-03-08 02:00:00,1709834400000,0.1554,0.15617,0.15472,0.15542,19880649.0
2024-03-08 02:15:00,1709835300000,0.15543,0.1563,0.15447,0.15544,18532436.0
2024-03-08 02:30:00,1709836200000,0.15544,0.156,0.1545,0.15571,20890841.0
2024-03-08 02:45:00,1709837100000,0.15571,0.15848,0.15566,0.15792,38713237.0
2024-03-08 03:00:00,1709838000000,0.15792,0.15845,0.15674,0.157,31302880.0
2024-03-08 03:15:00,1709838900000,0.157,0.15705,0.15382,0.15436,44422280.0
2024-03-08 03:30:00,1709839800000,0.15436,0.15541,0.15357,0.15539,23912846.0
2024-03-08 03:45:00,1709840700000,0.15539,0.15649,0.1551,0.15591,27363458.0
2024-03-08 04:00:00,1709841600000,0.15592,0.15675,0.15523,0.15666,21525700.0
2024-03-08 04:15:00,1709842500000,0.15667,0.15858,0.15605,0.15855,39853371.0
2024-03-08 04:30:00,1709843400000,0.15855,0.15941,0.15728,0.15818,48432395.0
2024-03-08 04:45:00,1709844300000,0.15817,0.15965,0.15755,0.15757,38039637.0
2024-03-08 05:00:00,1709845200000,0.15759,0.15829,0.15589,0.15615,34302297.0
2024-03-08 05:15:00,1709846100000,0.15615,0.15821,0.15587,0.15629,29275575.0
2024-03-08 05:30:00,1709847000000,0.1563,0.15655,0.15434,0.15437,44341364.0
2024-03-08 05:45:00,1709847900000,0.15436,0.15461,0.15324,0.1538,34150135.0
2024-03-08 06:00:00,1709848800000,0.1538,0.15587,0.15378,0.15534,39901243.0
2024-03-08 06:15:00,1709849700000,0.15534,0.15567,0.15485,0.15531,20110565.0
2024-03-08 06:30:00,1709850600000,0.1553,0.15531,0.15332,0.15353,13320328.0
2024-03-08 06:45:00,1709851500000,0.15353,0.1543,0.15353,0.15382,8149706.0
2024-03-08 07:00:00,1709852400000,0.15384,0.1554,0.15341,0.15497,19121428.0
2024-03-08 07:15:00,1709853300000,0.15497,0.15506,0.15366,0.15484,14998294.0
2024-03-08 07:30:00,1709854200000,0.15485,0.1582,0.15485,0.15787,52657745.0
2024-03-08 07:45:00,1709855100000,0.15787,0.15826,0.15701,0.15764,32277754.0
2024-03-08 08:00:00,1709856000000,0.15762,0.15766,0.155,0.15592,27716839.0
2024-03-08 08:15:00,1709856900000,0.15591,0.15798,0.15504,0.15773,34128169.0
2024-03-08 08:30:00,1709857800000,0.15772,0.15912,0.15762,0.15772,57469803.0
2024-03-08 08:45:00,1709858700000,0.15773,0.1604,0.15641,0.15952,63399395.0
2024-03-08 09:00:00,1709859600000,0.15952,0.16213,0.15923,0.16107,68407343.0
2024-03-08 09:15:00,1709860500000,0.16108,0.16328,0.16031,0.16233,68226812.0
2024-03-08 09:30:00,1709861400000,0.16233,0.1634,0.16053,0.16337,56031708.0
2024-03-08 09:45:00,1709862300000,0.16338,0.16499,0.16257,0.16416,64811892.0
2024-03-08 10:00:00,1709863200000,0.16416,0.1648,0.16189,0.16449,47920111.0
2024-03-08 10:15:00,1709864100000,0.16445,0.16638,0.16431,0.16581,54087961.0
2024-03-08 10:30:00,1709865000000,0.16583,0.16585,0.16358,0.16432,41433980.0
2024-03-08 10:45:00,1709865900000,0.16433,0.16818,0.16339,0.16705,81067405.0
2024-03-08 11:00:00,1709866800000,0.16707,0.16711,0.16483,0.16583,42599996.0
2024-03-08 11:15:00,1709867700000,0.16583,0.16583,0.16327,0.16427,35488694.0
2024-03-08 11:30:00,1709868600000,0.16426,0.16497,0.16272,0.16424,34843272.0
2024-03-08 11:45:00,1709869500000,0.16419,0.16817,0.16338,0.16817,62653617.0
2024-03-08 12:00:00,1709870400000,0.16818,0.1687,0.16479,0.16479,63064868.0
2024-03-08 12:15:00,1709871300000,0.1648,0.1659,0.16454,0.16495,40918483.0
2024-03-08 12:30:00,1709872200000,0.16496,0.16517,0.16325,0.16327,53993779.0
2024-03-08 12:45:00,1709873100000,0.16327,0.16438,0.16273,0.16436,35696342.0
2024-03-08 13:00:00,1709874000000,0.16435,0.16561,0.16324,0.16398,37694952.0
2024-03-08 13:15:00,1709874900000,0.16397,0.16422,0.16145,0.162,74515381.0
2024-03-08 13:30:00,1709875800000,0.162,0.16234,0.16117,0.16136,28146872.0
2024-03-08 13:45:00,1709876700000,0.16136,0.16288,0.16129,0.16258,18807458.0
2024-03-08 14:00:00,1709877600000,0.16259,0.16282,0.16142,0.16235,19136644.0
2024-03-08 14:15:00,1709878500000,0.16234,0.16321,0.16182,0.16231,17271289.0
2024-03-08 14:30:00,1709879400000,0.16228,0.16325,0.16175,0.16321,18539789.0
2024-03-08 14:45:00,1709880300000,0.16321,0.16489,0.16321,0.16429,40682205.0
2024-03-08 15:00:00,1709881200000,0.16431,0.16638,0.1635,0.16632,39175376.0
2024-03-08 15:15:00,1709882100000,0.16632,0.16862,0.16571,0.16777,66942931.0
2024-03-08 15:30:00,1709883000000,0.16778,0.16778,0.16606,0.16608,40061729.0
2024-03-08 15:45:00,1709883900000,0.16608,0.16609,0.16426,0.16473,56166703.0
2024-03-08 16:00:00,1709884800000,0.1647,0.16622,0.164,0.1641,30248795.0
2024-03-08 16:15:00,1709885700000,0.1641,0.16451,0.16285,0.16292,29023657.0
2024-03-08 16:30:00,1709886600000,0.16292,0.16461,0.1629,0.16415,25617450.0
2024-03-08 16:45:00,1709887500000,0.16415,0.16499,0.16364,0.16372,16098991.0
2024-03-08 17:00:00,1709888400000,0.16374,0.16439,0.16263,0.16429,23678244.0
2024-03-08 17:15:00,1709889300000,0.1643,0.16438,0.16339,0.16353,18109427.0
2024-03-08 17:30:00,1709890200000,0.16352,0.16449,0.16308,0.16401,16203360.0
2024-03-08 17:45:00,1709891100000,0.16405,0.16649,0.16405,0.16609,30663986.0
2024-03-08 18:00:00,1709892000000,0.16608,0.16646,0.16507,0.16534,25053871.0
2024-03-08 18:15:00,1709892900000,0.16533,0.16774,0.16527,0.16724,47959673.0
2024-03-08 18:30:00,1709893800000,0.16724,0.1677,0.16632,0.16733,36880879.0
2024-03-08 18:45:00,1709894700000,0.16732,0.16967,0.16717,0.16898,66042266.0
2024-03-08 19:00:00,1709895600000,0.16898,0.17227,0.16897,0.17177,91739514.0
2024-03-08 19:15:00,1709896500000,0.17178,0.17373,0.16904,0.17004,126131946.0
2024-03-08 19:30:00,1709897400000,0.17004,0.17018,0.16787,0.16854,53179411.0
2024-03-08 19:45:00,1709898300000,0.16854,0.16908,0.16789,0.16888,31135529.0
2024-03-08 20:00:00,1709899200000,0.16888,0.16999,0.16566,0.16652,71245920.0
2024-03-08 20:15:00,1709900100000,0.16651,0.16708,0.1659,0.16607,21522824.0
2024-03-08 20:30:00,1709901000000,0.16607,0.16685,0.16592,0.16645,21977636.0
2024-03-08 20:45:00,1709901900000,0.16644,0.16745,0.16642,0.16727,23399082.0
2024-03-08 21:00:00,1709902800000,0.16726,0.16889,0.16707,0.16844,35735067.0
2024-03-08 21:15:00,1709903700000,0.16845,0.16845,0.1654,0.16644,42298940.0
2024-03-08 21:30:00,1709904600000,0.16643,0.17014,0.16622,0.16833,55945247.0
2024-03-08 21:45:00,1709905500000,0.16836,0.173,0.16801,0.17194,101124892.0
2024-03-08 22:00:00,1709906400000,0.1719,0.176,0.17,0.1714,190199780.0
2024-03-08 22:15:00,1709907300000,0.17137,0.17415,0.17029,0.17224,84945796.0
2024-03-08 22:30:00,1709908200000,0.17224,0.17391,0.16967,0.17026,72500153.0
2024-03-08 22:45:00,1709909100000,0.17027,0.17214,0.16833,0.16872,72501922.0
2024-03-08 23:00:00,1709910000000,0.16874,0.1703,0.16779,0.16931,71861029.0
2024-03-08 23:15:00,1709910900000,0.1693,0.17115,0.1668,0.17055,123373839.0
2024-03-08 23:30:00,1709911800000,0.17053,0.173,0.1575,0.16614,272443974.0
2024-03-08 23:45:00,1709912700000,0.16615,0.16776,0.16302,0.16342,135792328.0
2024-03-09 00:00:00,1709913600000,0.16342,0.16491,0.15876,0.15948,177326041.0
2024-03-09 00:15:00,1709914500000,0.15948,0.16421,0.15944,0.16263,90710604.0
2024-03-09 00:30:00,1709915400000,0.16262,0.16551,0.16225,0.16509,56128236.0
2024-03-09 00:45:00,1709916300000,0.16508,0.1666,0.16474,0.16595,56653367.0
2024-03-09 01:00:00,1709917200000,0.16593,0.16736,0.16468,0.16576,59110598.0
2024-03-09 01:15:00,1709918100000,0.16577,0.16724,0.16552,0.16669,29602174.0
2024-03-09 01:30:00,1709919000000,0.1667,0.16796,0.16642,0.16748,37960134.0
2024-03-09 01:45:00,1709919900000,0.16749,0.1699,0.16714,0.16941,51347903.0
2024-03-09 02:00:00,1709920800000,0.16938,0.1699,0.16728,0.16941,43360165.0
2024-03-09 02:15:00,1709921700000,0.16942,0.16998,0.16795,0.16814,25731939.0
2024-03-09 02:30:00,1709922600000,0.16817,0.16943,0.16675,0.16931,46958309.0
2024-03-09 02:45:00,1709923500000,0.16932,0.16946,0.16843,0.16891,19871291.0
2024-03-09 03:00:00,1709924400000,0.1689,0.16916,0.16829,0.16891,18966553.0
2024-03-09 03:15:00,1709925300000,0.16892,0.169,0.16679,0.1678,25887689.0
2024-03-09 03:30:00,1709926200000,0.16781,0.1682,0.16648,0.16698,21371038.0
2024-03-09 03:45:00,1709927100000,0.167,0.16781,0.16633,0.16768,18659658.0
2024-03-09 04:00:00,1709928000000,0.1677,0.17126,0.16751,0.17084,54921374.0
2024-03-09 04:15:00,1709928900000,0.17081,0.17266,0.17024,0.1708,58496284.0
2024-03-09 04:30:00,1709929800000,0.1708,0.1728,0.17066,0.1713,39015499.0
2024-03-09 04:45:00,1709930700000,0.17131,0.172,0.16948,0.16956,46759743.0
2024-03-09 05:00:00,1709931600000,0.16956,0.17096,0.16888,0.16987,36067701.0
2024-03-09 05:15:00,1709932500000,0.16986,0.17027,0.16822,0.16856,34283040.0
2024-03-09 05:30:00,1709933400000,0.16859,0.16873,0.16746,0.16754,19661593.0
2024-03-09 05:45:00,1709934300000,0.16754,0.16786,0.16511,0.16592,42809497.0
2024-03-09 06:00:00,1709935200000,0.16593,0.16607,0.1645,0.16509,30563239.0
2024-03-09 06:15:00,1709936100000,0.16511,0.16639,0.16504,0.16545,25444397.0
2024-03-09 06:30:00,1709937000000,0.16544,0.16685,0.16538,0.16597,18051538.0
2024-03-09 06:45:00,1709937900000,0.16598,0.16644,0.1648,0.16486,12314668.0
2024-03-09 07:00:00,1709938800000,0.16486,0.16694,0.16482,0.16694,15338179.0
2024-03-09 07:15:00,1709939700000,0.16694,0.16719,0.16494,0.16535,26894380.0
2024-03-09 07:30:00,1709940600000,0.1653,0.16567,0.16371,0.16404,28843924.0
2024-03-09 07:45:00,1709941500000,0.16404,0.1653,0.16375,0.16457,17454494.0
2024-03-09 08:00:00,1709942400000,0.16456,0.16627,0.16385,0.16599,28044843.0
2024-03-09 08:15:00,1709943300000,0.16603,0.16649,0.16539,0.16566,23433278.0
2024-03-09 08:30:00,1709944200000,0.16566,0.16865,0.16547,0.16862,37282789.0
2024-03-09 08:45:00,1709945100000,0.16863,0.16875,0.16681,0.16767,32751348.0
2024-03-09 09:00:00,1709946000000,0.16768,0.16794,0.166,0.16604,24189523.0
2024-03-09 09:15:00,1709946900000,0.16604,0.16834,0.16516,0.16822,20101163.0
2024-03-09 09:30:00,1709947800000,0.16822,0.16988,0.16814,0.16907,39895872.0
2024-03-09 09:45:00,1709948700000,0.16908,0.16974,0.16752,0.16862,27621923.0
2024-03-09 10:00:00,1709949600000,0.16859,0.16885,0.16701,0.16739,23705402.0
2024-03-09 10:15:00,1709950500000,0.16743,0.16816,0.16627,0.16754,21197142.0
2024-03-09 10:30:00,1709951400000,0.16754,0.16928,0.16636,0.16892,35907912.0
2024-03-09 10:45:00,1709952300000,0.16893,0.17,0.16854,0.16914,25597262.0
2024-03-09 11:00:00,1709953200000,0.16911,0.17027,0.16868,0.16924,48249753.0
2024-03-09 11:15:00,1709954100000,0.16923,0.17122,0.16902,0.17052,38100112.0
2024-03-09 11:30:00,1709955000000,0.17052,0.17053,0.16937,0.16956,18029531.0
2024-03-09 11:45:00,1709955900000,0.16955,0.17055,0.16903,0.16908,19717465.0
2024-03-09 12:00:00,1709956800000,0.16908,0.17129,0.16901,0.17092,22420064.0
2024-03-09 12:15:00,1709957700000,0.1709,0.17134,0.16998,0.17049,19943869.0
2024-03-09 12:30:00,1709958600000,0.17049,0.17049,0.16912,0.16939,20643315.0
2024-03-09 12:45:00,1709959500000,0.16939,0.17213,0.1692,0.17213,45673306.0
2024-03-09 13:00:00,1709960400000,0.17212,0.17216,0.16986,0.17127,25892609.0
2024-03-09 13:15:00,1709961300000,0.17125,0.17213,0.17057,0.17091,31297264.0
2024-03-09 13:30:00,1709962200000,0.17091,0.17206,0.17048,0.17146,22918752.0
2024-03-09 13:45:00,1709963100000,0.17146,0.17206,0.17063,0.17097,18941215.0
2024-03-09 14:00:00,1709964000000,0.17096,0.1713,0.16921,0.16937,23398626.0
2024-03-09 14:15:00,1709964900000,0.16937,0.16963,0.1679,0.16867,34493215.0
2024-03-09 14:30:00,1709965800000,0.16866,0.16972,0.16839,0.16958,22404246.0
2024-03-09 14:45:00,1709966700000,0.16957,0.16983,0.16891,0.16911,17299184.0
2024-03-09 15:00:00,1709967600000,0.16911,0.17021,0.169,0.16955,19252710.0
2024-03-09 15:15:00,1709968500000,0.16955,0.16962,0.1685,0.16928,13765772.0
2024-03-09 15:30:00,1709969400000,0.16926,0.16931,0.16851,0.16899,11471519.0
2024-03-09 15:45:00,1709970300000,0.16899,0.16931,0.16761,0.16771,21969398.0
2024-03-09 16:00:00,1709971200000,0.16771,0.17093,0.16767,0.17081,37990906.0
2024-03-09 16:15:00,1709972100000,0.17081,0.17136,0.16993,0.17053,21822638.0
2024-03-09 16:30:00,1709973000000,0.17052,0.17062,0.16839,0.1691,22889608.0
2024-03-09 16:45:00,1709973900000,0.16909,0.16909,0.16627,0.16681,38809748.0
2024-03-09 17:00:00,1709974800000,0.16682,0.16764,0.16561,0.16637,30477628.0
2024-03-09 17:15:00,1709975700000,0.16637,0.16745,0.16595,0.16642,25297446.0
2024-03-09 17:30:00,1709976600000,0.16642,0.16715,0.16602,0.16708,20505837.0
2024-03-09 17:45:00,1709977500000,0.16708,0.1671,0.165,0.16629,31818341.0
2024-03-09 18:00:00,1709978400000,0.1663,0.1663,0.1645,0.16509,33259295.0
2024-03-09 18:15:00,1709979300000,0.16507,0.16524,0.16288,0.16439,43810639.0
2024-03-09 18:30:00,1709980200000,0.16439,0.16542,0.1643,0.16499,31370803.0
2024-03-09 18:45:00,1709981100000,0.16498,0.16577,0.16486,0.16553,16285140.0
2024-03-09 19:00:00,1709982000000,0.16553,0.16631,0.165,0.16515,29677995.0
2024-03-09 19:15:00,1709982900000,0.16515,0.16655,0.16515,0.16619,18774684.0
2024-03-09 19:30:00,1709983800000,0.16618,0.16677,0.16591,0.16656,19532831.0
2024-03-09 19:45:00,1709984700000,0.16656,0.16678,0.16571,0.16616,14195982.0
2024-03-09 20:00:00,1709985600000,0.16617,0.16677,0.16524,0.16593,28330729.0
2024-03-09 20:15:00,1709986500000,0.16591,0.16658,0.165,0.16501,22822819.0
2024-03-09 20:30:00,1709987400000,0.165,0.16653,0.165,0.1665,18652795.0
2024-03-09 20:45:00,1709988300000,0.16649,0.16744,0.16643,0.1672,22310154.0
2024-03-09 21:00:00,1709989200000,0.16719,0.16734,0.1662,0.16642,15631178.0
2024-03-09 21:15:00,1709990100000,0.16642,0.16667,0.16571,0.16628,25882659.0
2024-03-09 21:30:00,1709991000000,0.16627,0.16724,0.1662,0.16694,15949708.0
2024-03-09 21:45:00,1709991900000,0.16695,0.16713,0.16639,0.16651,8905568.0
2024-03-09 22:00:00,1709992800000,0.1665,0.16865,0.16644,0.1686,26768298.0
2024-03-09 22:15:00,1709993700000,0.1686,0.16885,0.1676,0.16768,20128444.0
2024-03-09 22:30:00,1709994600000,0.16769,0.16843,0.16697,0.1682,15747465.0
2024-03-09 22:45:00,1709995500000,0.16821,0.1689,0.16644,0.16695,24852857.0
2024-03-09 23:00:00,1709996400000,0.16696,0.168,0.16663,0.16691,18571479.0
2024-03-09 23:15:00,1709997300000,0.16692,0.16933,0.16692,0.16873,36403532.0
2024-03-09 23:30:00,1709998200000,0.16874,0.17053,0.16872,0.17035,42605759.0
2024-03-09 23:45:00,1709999100000,0.17034,0.17068,0.1694,0.16981,32318415.0
2024-03-10 00:00:00,1710000000000,0.16981,0.1701,0.16802,0.16965,24744779.0
2024-03-10 00:15:00,1710000900000,0.16966,0.17718,0.16965,0.17271,189228849.0
2024-03-10 00:30:00,1710001800000,0.1727,0.17698,0.17239,0.17546,111570351.0
2024-03-10 00:45:00,1710002700000,0.17545,0.17863,0.17427,0.17491,133601114.0
2024-03-10 01:00:00,1710003600000,0.17486,0.1789,0.17477,0.17818,124372364.0
2024-03-10 01:15:00,1710004500000,0.17815,0.18044,0.17704,0.18004,156691939.0
2024-03-10 01:30:00,1710005400000,0.18008,0.18442,0.17999,0.18296,189080767.0
2024-03-10 01:45:00,1710006300000,0.18295,0.18485,0.17965,0.18201,151300791.0
2024-03-10 02:00:00,1710007200000,0.18201,0.18486,0.18043,0.18079,98209517.0
2024-03-10 02:15:00,1710008100000,0.18078,0.18208,0.17996,0.1808,57216147.0
2024-03-10 02:30:00,1710009000000,0.18079,0.18329,0.18001,0.18324,59806795.0
2024-03-10 02:45:00,1710009900000,0.18325,0.18338,0.18046,0.18048,49888070.0
2024-03-10 03:00:00,1710010800000,0.18049,0.18279,0.18049,0.18101,55018116.0
2024-03-10 03:15:00,1710011700000,0.18102,0.1828,0.18096,0.18208,38965888.0
2024-03-10 03:30:00,1710012600000,0.18208,0.18255,0.17948,0.17987,57646641.0
2024-03-10 03:45:00,1710013500000,0.17987,0.17991,0.17605,0.17677,109899007.0
2024-03-10 04:00:00,1710014400000,0.17677,0.17822,0.17586,0.17652,52433112.0
2024-03-10 04:15:00,1710015300000,0.17652,0.17675,0.1745,0.17556,67183967.0
2024-03-10 04:30:00,1710016200000,0.17556,0.17798,0.17551,0.17785,42213920.0
2024-03-10 04:45:00,1710017100000,0.17785,0.18035,0.17777,0.17963,57128715.0
2024-03-10 05:00:00,1710018000000,0.17963,0.18283,0.17932,0.18244,76953975.0
2024-03-10 05:15:00,1710018900000,0.18244,0.18269,0.18004,0.18186,51707337.0
2024-03-10 05:30:00,1710019800000,0.18185,0.1824,0.18038,0.18122,38453178.0
2024-03-10 05:45:00,1710020700000,0.18123,0.1817,0.18056,0.18139,26783590.0
2024-03-10 06:00:00,1710021600000,0.18139,0.18301,0.18053,0.18127,54616129.0
2024-03-10 06:15:00,1710022500000,0.18127,0.18169,0.17973,0.1813,36619622.0
2024-03-10 06:30:00,1710023400000,0.18131,0.18194,0.18003,0.18005,20826102.0
2024-03-10 06:45:00,1710024300000,0.18004,0.18041,0.17917,0.17932,16131753.0
2024-03-10 07:00:00,1710025200000,0.17932,0.18081,0.17911,0.18029,28189143.0
2024-03-10 07:15:00,1710026100000,0.18028,0.18034,0.17744,0.17813,32938102.0
2024-03-10 07:30:00,1710027000000,0.17812,0.17966,0.17734,0.17966,30959229.0
2024-03-10 07:45:00,1710027900000,0.17967,0.17969,0.17839,0.17875,14902453.0
2024-03-10 08:00:00,1710028800000,0.17875,0.17965,0.17669,0.17768,44707956.0
2024-03-10 08:15:00,1710029700000,0.17768,0.1782,0.17691,0.1776,23529180.0
2024-03-10 08:30:00,1710030600000,0.1776,0.17957,0.17564,0.17608,43580070.0
2024-03-10 08:45:00,1710031500000,0.17609,0.17725,0.17547,0.17687,44057892.0
2024-03-10 09:00:00,1710032400000,0.17687,0.17869,0.17622,0.1781,38860892.0
2024-03-10 09:15:00,1710033300000,0.17809,0.17813,0.17529,0.17551,46627405.0
2024-03-10 09:30:00,1710034200000,0.17551,0.17695,0.17484,0.17572,34310843.0
2024-03-10 09:45:00,1710035100000,0.17572,0.17682,0.17553,0.17645,19311592.0
2024-03-10 10:00:00,1710036000000,0.17644,0.17793,0.17618,0.17712,27094661.0
2024-03-10 10:15:00,1710036900000,0.17712,0.17807,0.17706,0.17763,24173296.0
2024-03-10 10:30:00,1710037800000,0.17764,0.17764,0.17545,0.1758,19653649.0
2024-03-10 10:45:00,1710038700000,0.17579,0.1759,0.17494,0.17525,19422140.0
2024-03-10 11:00:00,1710039600000,0.17523,0.1768,0.17371,0.17631,23556123.0
2024-03-10 11:15:00,1710040500000,0.1763,0.17759,0.17615,0.17674,18737289.0
